name,rmse,mae,r2,adj_r2,mape,Rank
Lasso Regression,212586.73534567005,137889.1264122525,0.6792970715516111,0.6775319367545096,28.473612860651638,1
Ridge Regression,212733.40256474432,138058.8128129732,0.6788544020476358,0.6770868308170759,28.495509306829014,2
Multiple Linear Regression,212778.42069666315,138268.8298507487,0.6787184675452311,0.6769501481371554,28.560691018919826,3
Simple Linear Regression,259221.0071841002,172726.51822970866,0.5231618571679191,0.5229986682073331,35.399442484800296,4
ElasticNet Regression,371544.3678017633,234959.9131997597,0.020392807913686806,0.015001093062162574,52.596802675471544,5
Mean Baseline,375435.64927683136,237863.70480051177,-0.00023400981297516665,-0.00023400981297516665,53.2868055420061,6
Median Baseline,386867.038259615,226052.4107387141,-0.062072240394457134,-0.062072240394457134,42.51616526983805,7
